SQL> select sal,sal+100 from emp;

       SAL    SAL+100                                                                                                                                                                                   
---------- ----------                                                                                                                                                                                   
       800        900                                                                                                                                                                                   
      1600       1700                                                                                                                                                                                   
      1250       1350                                                                                                                                                                                   
      2975       3075                                                                                                                                                                                   
      1250       1350                                                                                                                                                                                   
      2850       2950                                                                                                                                                                                   
      2450       2550                                                                                                                                                                                   
      3000       3100                                                                                                                                                                                   
      5000       5100                                                                                                                                                                                   
      1500       1600                                                                                                                                                                                   
      1100       1200                                                                                                                                                                                   
       950       1050                                                                                                                                                                                   
      3000       3100                                                                                                                                                                                   
      1300       1400                                                                                                                                                                                   

14 rows selected.

SQL> select sal,sal-200 from emp;

       SAL    SAL-200                                                                                                                                                                                   
---------- ----------                                                                                                                                                                                   
       800        600                                                                                                                                                                                   
      1600       1400                                                                                                                                                                                   
      1250       1050                                                                                                                                                                                   
      2975       2775                                                                                                                                                                                   
      1250       1050                                                                                                                                                                                   
      2850       2650                                                                                                                                                                                   
      2450       2250                                                                                                                                                                                   
      3000       2800                                                                                                                                                                                   
      5000       4800                                                                                                                                                                                   
      1500       1300                                                                                                                                                                                   
      1100        900                                                                                                                                                                                   
       950        750                                                                                                                                                                                   
      3000       2800                                                                                                                                                                                   
      1300       1100                                                                                                                                                                                   

14 rows selected.

SQL> 
SQL> SELECT SAL*12 FROM EMP;

    SAL*12                                                                                                                                                                                              
----------                                                                                                                                                                                              
      9600                                                                                                                                                                                              
     19200                                                                                                                                                                                              
     15000                                                                                                                                                                                              
     35700                                                                                                                                                                                              
     15000                                                                                                                                                                                              
     34200                                                                                                                                                                                              
     29400                                                                                                                                                                                              
     36000                                                                                                                                                                                              
     60000                                                                                                                                                                                              
     18000                                                                                                                                                                                              
     13200                                                                                                                                                                                              
     11400                                                                                                                                                                                              
     36000                                                                                                                                                                                              
     15600                                                                                                                                                                                              

14 rows selected.

SQL> SELECT SAL,SAL/2 FROM EMP;

       SAL      SAL/2                                                                                                                                                                                   
---------- ----------                                                                                                                                                                                   
       800        400                                                                                                                                                                                   
      1600        800                                                                                                                                                                                   
      1250        625                                                                                                                                                                                   
      2975     1487.5                                                                                                                                                                                   
      1250        625                                                                                                                                                                                   
      2850       1425                                                                                                                                                                                   
      2450       1225                                                                                                                                                                                   
      3000       1500                                                                                                                                                                                   
      5000       2500                                                                                                                                                                                   
      1500        750                                                                                                                                                                                   
      1100        550                                                                                                                                                                                   
       950        475                                                                                                                                                                                   
      3000       1500                                                                                                                                                                                   
      1300        650                                                                                                                                                                                   

14 rows selected.

SQL> SELECT SAL+(SAL+30/100) FROM EMP;

SAL+(SAL+30/100)                                                                                                                                                                                        
----------------                                                                                                                                                                                        
          1600.3                                                                                                                                                                                        
          3200.3                                                                                                                                                                                        
          2500.3                                                                                                                                                                                        
          5950.3                                                                                                                                                                                        
          2500.3                                                                                                                                                                                        
          5700.3                                                                                                                                                                                        
          4900.3                                                                                                                                                                                        
          6000.3                                                                                                                                                                                        
         10000.3                                                                                                                                                                                        
          3000.3                                                                                                                                                                                        
          2200.3                                                                                                                                                                                        
          1900.3                                                                                                                                                                                        
          6000.3                                                                                                                                                                                        
          2600.3                                                                                                                                                                                        

14 rows selected.

SQL>  SELECT SAL+(SAL*30/100) FROM EMP;

SAL+(SAL*30/100)                                                                                                                                                                                        
----------------                                                                                                                                                                                        
            1040                                                                                                                                                                                        
            2080                                                                                                                                                                                        
            1625                                                                                                                                                                                        
          3867.5                                                                                                                                                                                        
            1625                                                                                                                                                                                        
            3705                                                                                                                                                                                        
            3185                                                                                                                                                                                        
            3900                                                                                                                                                                                        
            6500                                                                                                                                                                                        
            1950                                                                                                                                                                                        
            1430                                                                                                                                                                                        
            1235                                                                                                                                                                                        
            3900                                                                                                                                                                                        
            1690                                                                                                                                                                                        

14 rows selected.

SQL> SPOOL OFF;
